Model,Strategy,Accuracy,Precision,Recall,F1-Score
gemma_4_e4b,zero_shot,0.4,0.375,0.75,0.5
qwen_3_8b,zero_shot,0.7,0.6666666666666666,0.5,0.5714285714285714
gemma_4_e2b,zero_shot,0.85,0.7777777777777778,0.875,0.8235294117647058
gemma_3_4b,zero_shot,0.5,0.4375,0.875,0.5833333333333334
deepseek_r1_1_5b,zero_shot,0.66,0.7,0.56,0.6222222222222222
gemma_2_9b,zero_shot,0.8,0.75,0.75,0.75
stablelm2_1_6b,zero_shot,0.6,0.5925925925925926,0.64,0.6153846153846154
smollm3_3b,zero_shot,0.7,0.75,0.375,0.5
granite_3_0_8b,zero_shot,0.64,0.8181818181818182,0.36,0.5
yi_1_5_9b,zero_shot,0.6,0.5,1.0,0.6666666666666666
stablelm2_12b,zero_shot,0.5,0.4,0.5,0.4444444444444444
mistral_7b,zero_shot,0.8,0.75,0.75,0.75
gemma_4_e4b,zero_shot_structured,0.8,0.75,0.75,0.75
qwen_3_8b,zero_shot_structured,0.5,0.4285714285714285,0.75,0.5454545454545454
gemma_4_e2b,zero_shot_structured,0.65,0.5384615384615384,0.875,0.6666666666666666
gemma_3_4b,zero_shot_structured,0.6,0.5,0.875,0.6363636363636364
deepseek_r1_1_5b,zero_shot_structured,0.58,0.5555555555555556,0.8,0.6557377049180327
gemma_2_9b,zero_shot_structured,0.8,0.75,0.75,0.75
stablelm2_1_6b,zero_shot_structured,0.54,0.5263157894736842,0.8,0.6349206349206349
smollm3_3b,zero_shot_structured,0.75,0.7142857142857143,0.625,0.6666666666666666
granite_3_0_8b,zero_shot_structured,0.7,0.6785714285714286,0.76,0.7169811320754716
yi_1_5_9b,zero_shot_structured,0.8,0.6666666666666666,1.0,0.8
stablelm2_12b,zero_shot_structured,0.8,1.0,0.5,0.6666666666666666
mistral_7b,zero_shot_structured,0.7,0.5714285714285714,1.0,0.7272727272727273
gemma_4_e4b,zero_shot_limited,0.8,0.75,0.75,0.75
qwen_3_8b,zero_shot_limited,0.8,1.0,0.5,0.6666666666666666
gemma_4_e2b,zero_shot_limited,0.9,0.875,0.875,0.875
gemma_3_4b,zero_shot_limited,0.4,0.4,1.0,0.5714285714285714
deepseek_r1_1_5b,zero_shot_limited,0.52,0.5185185185185185,0.56,0.5384615384615384
gemma_2_9b,zero_shot_limited,0.3,0.3333333333333333,0.75,0.4615384615384615
stablelm2_1_6b,zero_shot_limited,0.44,0.4545454545454545,0.6,0.5172413793103449
smollm3_3b,zero_shot_limited,0.65,0.5555555555555556,0.625,0.5882352941176471
granite_3_0_8b,zero_shot_limited,0.66,0.6052631578947368,0.92,0.7301587301587301
yi_1_5_9b,zero_shot_limited,0.4,0.4,1.0,0.5714285714285714
stablelm2_12b,zero_shot_limited,0.6,0.5,0.25,0.3333333333333333
mistral_7b,zero_shot_limited,0.8,0.75,0.75,0.75
gemma_4_e4b,zero_shot_multioutput_structured,0.6,0.5,0.5,0.5
gemma_4_e2b,zero_shot_multioutput_structured,0.25,0.1818181818181818,0.25,0.2105263157894736
gemma_3_4b,zero_shot_multioutput_structured,0.5,0.4,0.5,0.4444444444444444
deepseek_r1_1_5b,zero_shot_multioutput_structured,0.34,0.3571428571428571,0.4,0.3773584905660377
qwen_3_8b,zero_shot_multioutput_structured,0.5,0.4,0.5,0.4444444444444444
stablelm2_1_6b,zero_shot_multioutput_structured,0.46,0.45,0.36,0.4
smollm3_3b,zero_shot_multioutput_structured,0.45,0.3333333333333333,0.375,0.3529411764705882
granite_3_0_8b,zero_shot_multioutput_structured,0.42,0.4230769230769231,0.44,0.4313725490196078
gemma_2_9b,zero_shot_multioutput_structured,0.5,0.4,0.5,0.4444444444444444
yi_1_5_9b,zero_shot_multioutput_structured,0.5,0.4,0.5,0.4444444444444444
stablelm2_12b,zero_shot_multioutput_structured,0.5,0.4,0.5,0.4444444444444444
mistral_7b,zero_shot_multioutput_structured,0.5,0.4,0.5,0.4444444444444444
gemma_4_e4b,system_prompt,0.8,0.75,0.75,0.75
qwen_3_8b,system_prompt,0.7,0.6,0.75,0.6666666666666666
gemma_4_e2b,system_prompt,0.85,0.7777777777777778,0.875,0.8235294117647058
gemma_3_4b,system_prompt,0.5,0.4444444444444444,1.0,0.6153846153846154
deepseek_r1_1_5b,system_prompt,0.54,0.5357142857142857,0.6,0.5660377358490566
stablelm2_1_6b,system_prompt,0.46,0.4615384615384615,0.48,0.4705882352941176
smollm3_3b,system_prompt,0.65,0.6,0.375,0.4615384615384615
granite_3_0_8b,system_prompt,0.7,0.8125,0.52,0.6341463414634146
gemma_2_9b,system_prompt,0.8,0.75,0.75,0.75
yi_1_5_9b,system_prompt,0.8,0.6666666666666666,1.0,0.8
stablelm2_12b,system_prompt,0.6,0.5,0.75,0.6
mistral_7b,system_prompt,0.5,0.4444444444444444,1.0,0.6153846153846154
gemma_4_e4b,few_shot_system,0.9,0.8,1.0,0.8888888888888888
gemma_4_e2b,few_shot_system,0.9,0.875,0.875,0.875
gemma_3_4b,few_shot_system,0.6,0.5,1.0,0.6666666666666666
deepseek_r1_1_5b,few_shot_system,0.34,0.3461538461538461,0.36,0.3529411764705882
qwen_3_8b,few_shot_system,0.8,0.75,0.75,0.75
stablelm2_1_6b,few_shot_system,0.58,0.55,0.88,0.676923076923077
smollm3_3b,few_shot_system,0.6,0.5,1.0,0.6666666666666666
granite_3_0_8b,few_shot_system,0.9,0.8333333333333334,1.0,0.9090909090909092
gemma_2_9b,few_shot_system,0.8,0.75,0.75,0.75
yi_1_5_9b,few_shot_system,0.8,0.6666666666666666,1.0,0.8
stablelm2_12b,few_shot_system,0.8,0.6666666666666666,1.0,0.8
mistral_7b,few_shot_system,0.9,0.8,1.0,0.8888888888888888
gemma_4_e4b,few_shot_structured,0.7,0.5714285714285714,1.0,0.7272727272727273
gemma_4_e2b,few_shot_structured,0.8,0.6666666666666666,1.0,0.8
gemma_3_4b,few_shot_structured,0.7,0.5714285714285714,1.0,0.7272727272727273
deepseek_r1_1_5b,few_shot_structured,0.54,0.5384615384615384,0.56,0.5490196078431373
qwen_3_8b,few_shot_structured,0.9,0.8,1.0,0.8888888888888888
stablelm2_1_6b,few_shot_structured,0.5,0.5,1.0,0.6666666666666666
smollm3_3b,few_shot_structured,0.8,0.6666666666666666,1.0,0.8
granite_3_0_8b,few_shot_structured,0.74,0.6666666666666666,0.96,0.7868852459016393
gemma_2_9b,few_shot_structured,0.8,0.75,0.75,0.75
yi_1_5_9b,few_shot_structured,0.6,0.5,1.0,0.6666666666666666
stablelm2_12b,few_shot_structured,0.8,0.75,0.75,0.75
mistral_7b,few_shot_structured,0.7,0.6666666666666666,0.5,0.5714285714285714
gemma_4_e4b,few_shot_limited,0.6,0.5,1.0,0.6666666666666666
gemma_4_e2b,few_shot_limited,0.5,0.4375,0.875,0.5833333333333334
gemma_3_4b,few_shot_limited,0.65,0.6666666666666666,0.25,0.3636363636363636
deepseek_r1_1_5b,few_shot_limited,0.62,0.7142857142857143,0.4,0.5128205128205128
qwen_3_8b,few_shot_limited,0.7,0.6666666666666666,0.5,0.5714285714285714
stablelm2_1_6b,few_shot_limited,0.5,0.5,0.04,0.074074074074074
smollm3_3b,few_shot_limited,0.75,0.7142857142857143,0.625,0.6666666666666666
granite_3_0_8b,few_shot_limited,0.4,0.2727272727272727,0.12,0.1666666666666666
gemma_2_9b,few_shot_limited,0.7,1.0,0.25,0.4
yi_1_5_9b,few_shot_limited,0.7,0.5714285714285714,1.0,0.7272727272727273
stablelm2_12b,few_shot_limited,0.4,0.4,1.0,0.5714285714285714
mistral_7b,few_shot_limited,0.3,0.2,0.25,0.2222222222222222
gemma_4_e4b,few_shot_multioutput_structured,0.6,0.5,0.5,0.5
gemma_4_e2b,few_shot_multioutput_structured,0.4,0.3,0.375,0.3333333333333333
gemma_3_4b,few_shot_multioutput_structured,0.4,0.3571428571428571,0.625,0.4545454545454545
deepseek_r1_1_5b,few_shot_multioutput_structured,0.42,0.4166666666666667,0.4,0.4081632653061224
qwen_3_8b,few_shot_multioutput_structured,0.7,0.6,0.75,0.6666666666666666
stablelm2_1_6b,few_shot_multioutput_structured,0.46,0.4722222222222222,0.68,0.5573770491803278
smollm3_3b,few_shot_multioutput_structured,0.5,0.4166666666666667,0.625,0.5
granite_3_0_8b,few_shot_multioutput_structured,0.42,0.4090909090909091,0.36,0.3829787234042553
gemma_2_9b,few_shot_multioutput_structured,0.7,0.6,0.75,0.6666666666666666
yi_1_5_9b,few_shot_multioutput_structured,0.4,0.3333333333333333,0.5,0.4
stablelm2_12b,few_shot_multioutput_structured,0.9,0.8,1.0,0.8888888888888888
mistral_7b,few_shot_multioutput_structured,0.4,0.375,0.75,0.5
